{
    "_id" : "Line_16",
    "phase_to_gnd": {
        "point": {"x": 0, "y": 0},
        "reach_z1": {"x": 0.819053966, "y": 3.870282496},
        "reach_z2": {"x": 1.267504646, "y": 5.989350213},
        "reach_z3": {"x": 1.689454086, "y": 7.983191398},
        "kanan_atas_z3": {"x": 16.469, "y": 7.983191398},
        "kanan_atas_z2": {"x": 16.048, "y": 5.989350213},
        "kanan_atas_z1": {"x": 15.599, "y": 3.870282496},
        "kanan_bawah_z1": {"x": 14.14644124, "y": -2.993760484},
        "kiri_bawah_z1": {"x": -7.073220618, "y": 1.496880242},
        "kiri_atas_z1": {"x": -6.570946034, "y": 3.870282496},
        "kiri_atas_z2": {"x": -6.122495354, "y": 5.989350213},
        "kiri_atas_z3": {"x": -5.700545914, "y": 7.983191398},
        "kanan_samping_z3": {"x": 16.469, "y": 7.983191398},
        "kanan_samping_z2": {"x": 16.048, "y": 5.989350213},
        "kiri_samping_z2": {"x": -6.122495354, "y": 5.989350213},
        "kiri_samping_z1": {"x": -6.570946034, "y": 3.870282496},
        "kanan_samping_z1": {"x": 15.599, "y": 3.870282496},
        "kanan_bawah_z2": {"x": 14.14644124, "y": -2.993760484},
        "kiri_bawah_z2": {"x": -7.073220618, "y": 1.496880242},
        "kiri_samping_z3": {"x": -7.073220618, "y": 1.496880242},
        "kiri_bawah_z3": {"x": -7.073220618, "y": 1.496880242},
        "kanan_bawah_z3": {"x": 14.14644124, "y": -2.993760484}
    },
    "phase_to_phase": {
        "kiri_samping_z3": {"x": -5.304915463, "y": 1.122660181},
        "kanan_bawah_z3_2": {"x": 10.60983093, "y": -2.245320363},
        "kanan_atas_z3_2": {"x": 12.77445409, "y": 7.983191398},
        "kiri_atas_z3_2": {"x": -3.853045914, "y": 7.983191398},
        "kiri_bawah_z3_2": {"x": -5.304915463, "y": 1.122660181},
        "kiri_bawah_z2": {"x": -4.006563127, "y": 0.847894546},
        "kiri_samping_z2": {"x": -4.006563127, "y": 0.847894546},
        "kiri_atas_z2": {"x": -2.918495354, "y": 5.989350213},
        "kanan_atas_z2_2": {"x": 9.639504646, "y": 5.989350213},
        "kanan_samping_z2_2": {"x": 9.639504646, "y": 5.989350213},
        "kanan_bawah_z2_2": {"x": 8.013126253, "y": -1.695789091},
        "kanan_bawah_z1": {"x": 5.177138068, "y": -1.095619111},
        "kanan_atas_z1": {"x": 6.228053966, "y": 3.870282496},
        "kanan_samping_z1": {"x": 6.228053966, "y": 3.870282496},
        "kiri_atas_z1": {"x": -1.885446034, "y": 3.870282496},
        "kiri_bawah_z1": {"x": -2.588569034, "y": 0.547809555},
        "kiri_samping_z1": {"x": -2.588569034, "y": 0.547809555},
        "start_point": {"x": 0, "y": 0},
        "reach_z1": {"x": 0.819053966, "y": 3.870282496},
        "reach_z2": {"x": 1.267504646, "y": 5.989350213},
        "reach_z3": {"x": 1.689454086, "y": 7.983191398},
        "kanan_samping_z3_2": {"x": 12.77445409, "y": 7.983191398}
    }
}
